"date","name","description","type","religious_holiday","local_holiday","national_holiday","worldwide_observance"
2019-01-01,New Year's Day,"New Year's Day is the first day of the Gregorian calendar, which is widely used in many countries such as the USA.",National holiday,false,false,true,false
2019-01-02,,,,false,false,false,false
2019-01-03,,,,false,false,false,false
2019-01-04,World Braille Day,"World Braille Day celebrates the life and achievements of Louis Braille, who invented the braille code for the visually impaired.",United Nations observance,false,false,false,false
2019-01-05,,,,false,false,false,false
2019-01-06,Epiphany,"Many people in the United States annually observe Epiphany, or Three Kings’ Day, on January 6. It is a Christian observance and a public holiday in the US Virgin Islands.",Christian,true,false,false,false
2019-01-07,Orthodox Christmas Day,Many Orthodox Christian churches in countries such as the United States observe Christmas Day on or near January 7 in the Gregorian calendar.,Orthodox,false,false,false,false
2019-01-07,Estelle Reel Day,Estelle Reel Day is a state observance in the USA,Local observance,false,false,false,false
2019-01-08,Battle of New Orleans,Battle of New Orleans is a state legal holiday in the USA,Local observance,false,false,false,false
2019-01-09,,,,false,false,false,false
2019-01-10,,,,false,false,false,false
2019-01-11,,,,false,false,false,false
2019-01-12,,,,false,false,false,false
2019-01-13,Stephen Foster Memorial Day,"Stephen Foster Memorial Day is annually observed in the United States on January 13. The day remembers the achievements of Stephen Foster, who is known as the “father of American music”.",Observance,false,false,false,false
2019-01-14,Orthodox New Year,Many Orthodox Christian churches in countries such as the United States celebrate New Year’s Day on January 14 in the Gregorian calendar.,Orthodox,false,false,false,false
2019-01-15,,,,false,false,false,false
2019-01-16,,,,false,false,false,false
2019-01-17,,,,false,false,false,false
2019-01-18,Lee-Jackson Day,"Lee-Jackson Day is an annual state holiday in Virginia, the United States, on the Friday before Martin Luther King Day in January.",Local holiday,false,true,false,false
2019-01-19,Robert E. Lee's Birthday,Robert E. Lee’s birthday is an annual official state holiday that is shared with Martin Luther King’s birthday in some parts of the US.,Local observance,false,false,false,false
2019-01-19,Confederate Heroes' Day,On Confederate Memorial Day remembers the soldiers who died fighting for the Confederate States of America during the American Civil War (1861-1865). It is a state holiday in some parts of the United States.,Local holiday,false,true,false,false
2019-01-20,World Religion Day,World Religion Day fosters interfaith dialogue and understanding of all religions.,Worldwide observance,false,false,false,true
2019-01-21,Tu Bishvat/Tu B'Shevat,"Tu B’Shevat, known as the “New Year for Trees”, is a Jewish festival similar to Arbor Day.",Hebrew,true,false,false,false
2019-01-21,Martin Luther King Jr. Day,Martin Luther King Day marks the anniversary of the date of birth of the influential American civil right leader of the same name.,National holiday,false,false,true,false
2019-01-21,Idaho Human Rights Day,"Idaho Human Rights Day is a state holiday in Idaho, the United States, on the third Monday of January.",Local holiday,false,true,false,false
2019-01-21,Civil Rights Day,Civil Rights Day is on the third Monday of January in Arizona and New Hampshire. It honors civil rights activists such as Martin Luther King Jr.,Local holiday,false,true,false,false
2019-01-22,,,,false,false,false,false
2019-01-23,,,,false,false,false,false
2019-01-24,International Day of Education,International Day of Education is a United Nations observance in the USA,United Nations observance,false,false,false,false
2019-01-25,,,,false,false,false,false
2019-01-26,International Customs Day,International Customs Day celebrates custom personnel and agencies worldwide.,Worldwide observance,false,false,false,true
2019-01-27,World Leprosy Day,"World Leprosy Day brings awareness of leprosy, also known as Hansen's disease, and ways to prevent the disease.",Worldwide observance,false,false,false,true
2019-01-27,International Day of Commemoration in Memory of the Victims of the Holocaust,The United Nations' (UN) International Day of Commemoration in Memory of the Victims of the Holocaust remembers those who died and suffered during the Holocaust before and during World War II. It is on January 27 each year.,United Nations observance,false,false,false,false
2019-01-28,,,,false,false,false,false
2019-01-29,Kansas Day,Kansas Day is an annual observance that commemorates the state's admission to the Union in 1861.,Local observance,false,false,false,false
2019-01-30,,,,false,false,false,false
2019-01-31,,,,false,false,false,false
2019-02-01,National Wear Red Day,National Wear Red Day® raises public awareness of heart disease in women and ways to avoid and combat this problem.,Observance,false,false,false,false
2019-02-01,National Freedom Day,National Freedom Day in the United States is observed on February 1 each year.,Observance,false,false,false,false
2019-02-01,First Day of Black History Month,First Day of Black History Month is a annual monthly observance in the USA,Observance,false,false,false,false
2019-02-02,World Wetlands Day,World Wetlands Day raises awareness about the important role that the wetlands play in the environment and in our lives.,Worldwide observance,false,false,false,true
2019-02-02,Groundhog Day,Many people in the United States observe Groundhog Day on February 2.,Observance,false,false,false,false
2019-02-03,Super Bowl,The Super Bowl is the championship game of the National Football League (NFL) in the United States. It is played every year in February.,Sporting event,false,false,false,false
2019-02-04,World Cancer Day,World Cancer Day is an annual global event on February 4 to raise people’s awareness of cancer.,Worldwide observance,false,false,false,true
2019-02-05,Lunar New Year,Lunar New Year marks the first day of the New Year in the Chinese calendar.,Observance,false,false,false,false
2019-02-06,Ronald Reagan Day,Ronald Reagan Day is a state observance in the USA,Local observance,false,false,false,false
2019-02-06,National Girls and Women in Sports Day,National Girls and Women in Sports Day is a observance in the USA,Observance,false,false,false,false
2019-02-06,International Day of Zero Tolerance for Female Genital Mutilation,The International Day of Zero Tolerance for Female Genital Mutilation is an awareness campaign to end a harmful practice that violates girls’ and women’s rights.,United Nations observance,false,false,false,false
2019-02-07,,,,false,false,false,false
2019-02-08,,,,false,false,false,false
2019-02-09,,,,false,false,false,false
2019-02-10,World Pulses Day,World Pulses Day is a United Nations observance in the USA,United Nations observance,false,false,false,false
2019-02-11,World Day of the Sick,World Day of the Sick is a global event when people remember or pray for the sick.,Worldwide observance,false,false,false,true
2019-02-11,International Day of Women and Girls in Science,The International Day of Women and Girls in Science is a UN holiday to recognize the critical role women and girls play in science and technology communities.,United Nations observance,false,false,false,false
2019-02-12,Lincoln's Birthday,"Lincoln’s Birthday is observed in the United States in honor of Abraham Lincoln, who was the nation’s 16th president and was known as the Great Emancipator.",Local holiday,false,true,false,false
2019-02-12,Georgia Day,Georgia Day is a state observance in the USA,Local observance,false,false,false,false
2019-02-13,World Radio Day,World Radio Day is an annual United Nations (UN) event that promotes the importance of the radio in communicating information worldwide.,United Nations observance,false,false,false,false
2019-02-14,Valentine's Day,Valentine's Day is an occasion to celebrate romantic love.,Observance,false,false,false,false
2019-02-14,Statehood Day,Statehood Day is a local observance in the USA,Local observance,false,false,false,false
2019-02-15,Susan B. Anthony's Birthday,Susan B Anthony Day is an national American observance that is legally recognized in some states.,Local observance,false,false,false,false
2019-02-15,Susan B. Anthony Day,Susan B Anthony Day is an national American observance that is legally recognized in some states.,Local observance,false,false,false,false
2019-02-16,Elizabeth Peratrovich Day,Elizabeth Peratrovich was one of the main driving forces behind the territory's Anti-Discrimination Act of 1945.,Local observance,false,false,false,false
2019-02-17,,,,false,false,false,false
2019-02-18,Presidents' Day,Presidents' Day is a state legal holiday in the USA,Local holiday,false,true,false,false
2019-02-18,Daisy Gatson Bates Day,"Daisy Gatson Bates Day is a state holiday in Arkansas, the United States, on the third Monday of February. It coincides with Washington’s Birthday.",Local holiday,false,true,false,false
2019-02-19,,,,false,false,false,false
2019-02-20,World Day of Social Justice,"The United Nations' (UN) World Day of Social Justice promotes poverty eradication, full employment and social integration. It is on February 20 each year.",United Nations observance,false,false,false,false
2019-02-21,International Mother Language Day,The United Nations' (UN) International Mother Language Day is annually held on February 21 to celebrate languages spoken worldwide. It also observes the human right to use these languages.,United Nations observance,false,false,false,false
2019-02-22,,,,false,false,false,false
2019-02-23,,,,false,false,false,false
2019-02-24,,,,false,false,false,false
2019-02-25,George Rogers Clark Day,George Rogers Clark Day is a state observance in the USA,Local observance,false,false,false,false
2019-02-25,African-American Scientist and Inventor Day,African-American Scientist and Inventor Day is a state observance in the USA,Local observance,false,false,false,false
2019-02-26,,,,false,false,false,false
2019-02-27,,,,false,false,false,false
2019-02-28,Linus Pauling Day,"Linus Pauling Day is a state holiday on February 28 in Oregon, USA.",Local observance,false,false,false,false
2019-03-01,Zero Discrimination Day,"Discrimination Day highlights the negative impacts of discrimination and promotes tolerance, compassion and peace.",United Nations observance,false,false,false,false
2019-03-01,St. David's Day,"Many Welsh communities in the United States celebrate the life of their patron saint, St David, and their links with Wales on St David’s Day.","Observance, Christian",true,false,false,false
2019-03-01,Self-Injury Awareness Day,"",Worldwide observance,false,false,false,true
2019-03-01,Read Across America Day,Read Across America Day is observed in the United States on March 2 each year.,Observance,false,false,false,false
2019-03-01,First Day of Women's History Month,First Day of Women's History Month is a annual monthly observance in the USA,Observance,false,false,false,false
2019-03-01,First Day of Irish American Heritage Month,First Day of Irish American Heritage Month is a annual monthly observance in the USA,Observance,false,false,false,false
2019-03-01,Employee Appreciation Day,"Employee Appreciation Day is a US unofficial observance that recognizes and appreciates employees in all industries, aimed at helping employers keep their staff.",Observance,false,false,false,false
2019-03-02,Texas Independence Day,"Texas Independence Day is a legal holiday in Texas, in the United States.",Local holiday,false,true,false,false
2019-03-03,World Wildlife Day,"World Wildlife Day celebrates all flora and fauna, including animals, on Earth.",United Nations observance,false,false,false,false
2019-03-04,Maha Shivaratri,"Maha Shivratri is an annual festival dedicated to Shiva, the Hindu God of destruction. For devotees, is a day of reflection and meditation.",Hinduism,true,false,false,false
2019-03-04,Casimir Pulaski Day,"Casimir Pulaski Day is a day off for some schools and offices in Illinois, USA, on the first Monday of March each year.",Local observance,false,false,false,false
2019-03-05,Town Meeting Day,"The state of Vermont, in the USA, holds its Town Meeting Day on the first Tuesday of March each year.",Local holiday,false,true,false,false
2019-03-05,Shrove Tuesday/Mardi Gras,"Shrove Tuesday is traditionally known as the day prior to Lent but it also serves as a day of celebration, known as Mardi Gras.",Local holiday,false,true,false,false
2019-03-06,Ash Wednesday,"Ash Wednesday is a Christian observance that marks the first day of Lent, which is prior to Easter.",Christian,true,false,false,false
2019-03-07,,,,false,false,false,false
2019-03-08,International Women's Day,International Women’s Day celebrates women’s achievements worldwide and throughout history.,United Nations observance,false,false,false,false
2019-03-09,,,,false,false,false,false
2019-03-10,Daylight Saving Time starts,Daylight Saving Time starts in the USA,Clock change/Daylight Saving Time,false,false,false,false
2019-03-11,,,,false,false,false,false
2019-03-12,,,,false,false,false,false
2019-03-13,,,,false,false,false,false
2019-03-14,World Kidney Day,World Kidney Day is an annual observation that attempts to raise global awareness about the importance of kidney health and tries to bring attention to the unique challenges faced by those who suffer from Chronic Kidney Disease.,Worldwide observance,false,false,false,true
2019-03-15,,,,false,false,false,false
2019-03-16,,,,false,false,false,false
2019-03-17,St. Patrick's Day,"St Patrick's Day marks the life and deeds of St Patrick, one of Ireland's patron saints. It is an Irish-American celebration in the USA.","Observance, Christian",true,false,false,false
2019-03-17,Evacuation Day,"Evacuation Day in Suffolk County, Massachusetts, commemorates the first major American military victory in the Revolutionary War, which saw the British troops evacuate Boston.",Local holiday,false,true,false,false
2019-03-18,Evacuation Day observed,"Evacuation Day in Suffolk County, Massachusetts, commemorates the first major American military victory in the Revolutionary War, which saw the British troops evacuate Boston.",Local holiday,false,true,false,false
2019-03-19,,,,false,false,false,false
2019-03-20,March Equinox,March Equinox in the USA (New York),Season,false,false,false,false
2019-03-20,International Day of Happiness,International Day of Happiness aims to promote the idea that the pursuit of happiness is universal.,United Nations observance,false,false,false,false
2019-03-20,French Language Day,French Language Day is a United Nations observance in the USA,United Nations observance,false,false,false,false
2019-03-21,World Poetry Day,World Poetry Day celebrates poetry around the world on March 21 each year.,United Nations observance,false,false,false,false
2019-03-21,World Down Syndrome Day,World Down Syndrome Day is held on March 21 every year.,United Nations observance,false,false,false,false
2019-03-21,Purim,"Purim commemorates a time when Jewish people were saved from death around the fourth century BCE, according to the Book of Esther.",Hebrew,true,false,false,false
2019-03-21,International Day of Nowruz,"The UN’s International Day of Nowruz, also known as Nowruz, No-Ruz, No-Rooz or No Ruz, is observed on March 21 each year.",United Nations observance,false,false,false,false
2019-03-21,International Day of Forests,"International Day of Forests raises awareness on forests and trees, including their role in climate change.",United Nations observance,false,false,false,false
2019-03-21,International Day for the Elimination of Racial Discrimination,The United Nations’ (UN) International Day for the Elimination of Racial Discrimination is annually observed on March 21.,United Nations observance,false,false,false,false
2019-03-21,Holi,"Holi is a spring festival of colors celebrated by Hindus, Sikhs and others. It celebrates the triumph of good over evil and the upcoming season of spring. The festival can last up to sixteen days.",Hinduism,true,false,false,false
2019-03-22,World Water Day,World Water Day aims to increase people's awareness of the water's importance in all aspects of life.,United Nations observance,false,false,false,false
2019-03-23,World Meteorological Day,"World Meteorological Day marks the anniversary of the World Meteorological Organization's establishment on March 23, 1950.",United Nations observance,false,false,false,false
2019-03-24,World Tuberculosis Day,World Tuberculosis Day is annually held on March 24 to raise awareness of tuberculosis and ways to eradicate the disease.,United Nations observance,false,false,false,false
2019-03-24,International Day for the Right to the Truth concerning Gross Human Rights Violations and for the Dignity of Victims,March 24 is the UN’s International Day for the Right to the Truth concerning Gross Human Rights Violations and for the Dignity of Victims,United Nations observance,false,false,false,false
2019-03-25,Seward's Day,"Seward’s Day is a state holiday in Alaska, in the United States, on the last Monday of March.",Local holiday,false,true,false,false
2019-03-25,Maryland Day,"Maryland Day commemorates the arrival of Lord Baltimore and the first colonists in Maryland, the United States, in the 17th century.",Local observance,false,false,false,false
2019-03-25,International Day of Solidarity with Detained and Missing Staff Members,The UN’s International Day of Solidarity with Detained and Missing Staff Members is annually held on March 25.,United Nations observance,false,false,false,false
2019-03-25,International Day of Remembrance of Slavery Victims and the Transatlantic Slave Trade,"The International Day of Remembrance of the Victims of Slavery and the Transatlantic Slave Trade remembers the lives of Africans who were forced into slavery in North, Central and South America.",United Nations observance,false,false,false,false
2019-03-26,Prince Jonah Kuhio Kalanianaole Day,Prince Jonah Kuhio Kalanianaole Day is annually held in Hawaii on March 26 to honor Prince Jonah Kuhio Kalanianaole.,Local holiday,false,true,false,false
2019-03-27,,,,false,false,false,false
2019-03-28,,,,false,false,false,false
2019-03-29,National Vietnam War Veterans Day,National Vietnam War Veterans Day is an US observance to honor US military members who served during the Vietnam War.,Observance,false,false,false,false
2019-03-30,Wyoming Veterans Welcome Home Day,Wyoming Veterans Welcome Home Day is a state observance in the USA,Local observance,false,false,false,false
2019-03-30,Vietnam Veterans Day,Vietnam Veterans Day is a state observance in the USA,Local observance,false,false,false,false
2019-03-30,Vietnam Veteran Recognition Day,Vietnam Veteran Recognition Day is a state observance in the USA,Local observance,false,false,false,false
2019-03-30,Earth Hour,Earth Hour is an annual event in which many people worldwide turn their lights off on the last Saturday in March.,Worldwide observance,false,false,false,true
2019-03-30,Doctors' Day,Doctors' Day is a observance in the USA,Observance,false,false,false,false
2019-03-31,International Transgender Day of Visibility,International Transgender Day of Visibility is a worldwide observance in the USA,Worldwide observance,false,false,false,true
2019-03-31,César Chávez Day,César Chávez Day celebrates the birthday of César Estrada Chávez.,Local holiday,false,true,false,false
2019-04-01,César Chávez Day (substitute),César Chávez Day celebrates the birthday of César Estrada Chávez.,Local holiday,false,true,false,false
2019-04-01,April Fool's Day,"April Fool's Day, on April 1, is a day to play practical jokes and tricks.",Worldwide observance,false,false,false,true
2019-04-02,World Autism Awareness Day,"World Autism Awareness Day raises an awareness of issues surrounding people, particularly children, with autism worldwide.",United Nations observance,false,false,false,false
2019-04-02,Pascua Florida Day,"Pascua Florida Day, which usually falls on April 2, is a state day in Florida, USA.",Local observance,false,false,false,false
2019-04-03,Isra and Mi'raj,"Isra and Mi'raj (Isra Me'raj, Israa and Mi'raaj, Laylat Al-Isra wa Al-Miraj, Lailat al Miraj, Night Journey and Ascension to Heaven) marks the night when the Prophet Mohammad traveled from Mecca to Jerusalem, ascended to heaven and returned.",Muslim,true,false,false,false
2019-04-04,United Nations' Mine Awareness Day,The United Nations' International Day for Mine Awareness and Assistance in Mine Action is annually observed on April 4.,United Nations observance,false,false,false,false
2019-04-05,,,,false,false,false,false
2019-04-06,National Tartan Day,National Tartan Day is annually observed on April 6 to honor the major role that Scottish Americans played in the founding of the United States of America.,Observance,false,false,false,false
2019-04-06,International Day of Sport for Development and Peace,The International Day of Sport for Development and Peace aims to bring goodwill and positive social outcomes through sporting achievements.,United Nations observance,false,false,false,false
2019-04-07,United Nations' World Health Day,"The World Health Organization, the United Nations' the directing and coordinating authority for health, annually highlights one of its priorities for global health on World Health Day.",United Nations observance,false,false,false,false
2019-04-07,Day of Remembrance of the Victims of the Rwanda Genocide,The UN’s Day of Remembrance of the Victims of the Rwanda Genocide is observed on April 7 each year.,United Nations observance,false,false,false,false
2019-04-08,,,,false,false,false,false
2019-04-09,National Library Workers' Day,"National Library Workers’ Day recognizes the efforts and achievements that librarians make to give Americans access to information via books, computers and other media.",Observance,false,false,false,false
2019-04-10,,,,false,false,false,false
2019-04-11,,,,false,false,false,false
2019-04-12,International Day of Human Space Flight,The UN’s International Day of Human Space Flight is annually held on April 12.,United Nations observance,false,false,false,false
2019-04-13,Thomas Jefferson's Birthday,Americans celebrate president Thomas Jefferson's Birthday on April 13.,Observance,false,false,false,false
2019-04-14,Palm Sunday,Palm Sunday in the United States celebrates Jesus Christ’s entry into Jerusalem. It is also the Sunday before Easter Sunday.,Christian,true,false,false,false
2019-04-15,World Art Day,World Art Day is a worldwide observance in the USA,Worldwide observance,false,false,false,true
2019-04-15,Tax Day,Tax Day is the deadline for United States residents to file details of their income to the Internal Revenue Service (IRS) so that their liability for income tax can be assessed.,Observance,false,false,false,false
2019-04-15,Patriots' Day,"Patriots' Day commemorates the battles of Lexington and Concord in 1775, which were two of the earliest battles in the American Revolutionary War.",Local holiday,false,true,false,false
2019-04-15,Father Damien Day,Father Damien Day or Saint Damien Day is an occasion for residents of the state of Hawaii to remember the life and deeds of a Belgian missionary.,Local observance,false,false,false,false
2019-04-15,Boston Marathon,Boston Marathon is one of the world's oldest yearly marathon. It is held annually on Patriot's Day in the month of April.,Sporting event,false,false,false,false
2019-04-16,,,,false,false,false,false
2019-04-17,,,,false,false,false,false
2019-04-18,Maundy Thursday,"Maundy Thursday, which is also known as Holy Thursday, is the day before Good Friday.",Christian,true,false,false,false
2019-04-18,International Day for Monuments and Sites,The International Day for Monuments and Sites raises awareness on preserving and conserving historical and archeological heritage sites.,Worldwide observance,false,false,false,true
2019-04-19,Passover Eve,Passover Eve is a Jewish holiday in the USA,Hebrew,true,false,false,false
2019-04-19,Good Friday,Good Friday commemorates Jesus Christ's crucifixion.,"Local holiday, Christian",true,true,false,false
2019-04-20,Passover (first day),Passover marks the Israelites' liberation from slavery and their exodus from Egypt around 3000 years ago.,Hebrew,true,false,false,false
2019-04-20,Holy Saturday,Holy Saturday is the day before Easter Sunday in the United States.,Christian,true,false,false,false
2019-04-20,Chinese Language Day,Chinese Language Day is a United Nations observance that celebrates one of the organization’s 6 official languages – Chinese.,United Nations observance,false,false,false,false
2019-04-21,World Creativity and Innovation Day,World Creativity and Innovation Day is a United Nations observance in the USA,United Nations observance,false,false,false,false
2019-04-21,San Jacinto Day,"San Jacinto Day commemorates the Battle of San Jacinto in what is now Harris County, Texas.",Local holiday,false,true,false,false
2019-04-21,Easter Sunday,"Easter Sunday is an important day in the Christian church calendar because it celebrates Jesus Christ's resurrection, according to Christian belief.","Observance, Christian",true,false,false,false
2019-04-22,State Holiday,State Holiday is a state holiday in the USA,Local holiday,false,true,false,false
2019-04-22,Oklahoma Day,Oklahoma Day in the United States marks the anniversary of the opening of Oklahoma's lands to European settlers.,Local observance,false,false,false,false
2019-04-22,Easter Monday,Easter Monday is the day after Easter Sunday. It is not a federal holiday in the United States of America (USA).,"Observance, Christian",true,false,false,false
2019-04-22,Earth Day,The United Nations' International Mother Earth Day promotes environmental awareness and calls for the protection of our planet.,United Nations observance,false,false,false,false
2019-04-23,World Spanish Language Day,World Spanish Language Day is a United Nations observance in the USA,United Nations observance,false,false,false,false
2019-04-23,World Book and Copyright Day,World Book and Copyright Day is an occasion to celebrate the contribution of books and authors to our global culture and the connection between copyright and books.,United Nations observance,false,false,false,false
2019-04-23,English Language Day,"English Language Day promotes the history, culture and accomplishments of the English language.",United Nations observance,false,false,false,false
2019-04-24,International Day of Multilateralism and Diplomacy for Peace,International Day of Multilateralism and Diplomacy for Peace is a United Nations observance in the USA,United Nations observance,false,false,false,false
2019-04-24,Administrative Professionals Day,Administrative Professionals Day® is on the Wednesday of the last full week of April. It remembers the important role of administrative professionals.,Observance,false,false,false,false
2019-04-25,World Malaria Day,World Malaria Day is annually observed on April 25 to promote efforts that provide effective control of malaria worldwide.,United Nations observance,false,false,false,false
2019-04-25,Take our Daughters and Sons to Work Day,Take our Daughters and Sons to Work Day is a observance in the USA,Observance,false,false,false,false
2019-04-25,International Girls in ICT Day,International Girls in ICT Day is a United Nations observance in the USA,United Nations observance,false,false,false,false
2019-04-26,World Intellectual Property Day,World Intellectual Property Day is annually held on April 26 to increase awareness and understanding of intellectual property worldwide.,United Nations observance,false,false,false,false
2019-04-26,Orthodox Good Friday,Many Orthodox Christians in the United States remember the events leading up to Jesus Christ's crucifixion on Great Friday.,Orthodox,false,false,false,false
2019-04-26,International Chernobyl Disaster Remembrance Day,International Chernobyl Disaster Remembrance Day is a UN holiday designed to raise awareness of the consequences of the 1986 nuclear accident.,United Nations observance,false,false,false,false
2019-04-26,Arbor Day,Arbor Day is a state observance in the USA,Local observance,false,false,false,false
2019-04-27,Orthodox Holy Saturday,Many Orthodox Christians in the United States remember Jesus Christ’s burial and his descent into Hades on Holy Saturday.,Orthodox,false,false,false,false
2019-04-27,Last Day of Passover,"The last day of Passover marks the end of the Passover period, which lasts for seven or eight days.",Hebrew,true,false,false,false
2019-04-28,World Day for Safety and Health at Work,The World Day for Safety and Health at Work is observed on April 28 each year.,United Nations observance,false,false,false,false
2019-04-28,Orthodox Easter,"Many Orthodox Christians in the United States mark Easter Sunday, also known as Pascha, as the day Jesus Christ was resurrected, according to the Christian bible.",Orthodox,false,false,false,false
2019-04-29,Orthodox Easter Monday,Many Orthodox churches in the United States observe Easter Monday on the day after the Orthodox Easter Sunday date.,Orthodox,false,false,false,false
2019-04-29,Confederate Memorial Day,On Confederate Memorial Day remembers the soldiers who died fighting for the Confederate States of America during the American Civil War (1861-1865). It is a state holiday in some parts of the United States.,Local holiday,false,true,false,false
2019-04-30,International Jazz Day,"International Jazz Day recognizes the historical, cultural, and educational contribution of jazz.",United Nations observance,false,false,false,false
2019-05-01,Yom HaShoah,Many people in the United States observe Yom Hashoah by remembering Holocaust victims who died during World War II.,Hebrew,true,false,false,false
2019-05-01,Loyalty Day,Loyalty Day is a special day for people to reaffirm their loyalty to the United States and to recognize the heritage of American freedom.,Observance,false,false,false,false
2019-05-01,Lei Day,"May Day is Lei Day in Hawai'i, celebrating Hawaiian culture or the “Aloha spirit.",Local observance,false,false,false,false
2019-05-01,Law Day,Law Day in the United States is annually held on May 1.,Observance,false,false,false,false
2019-05-01,First Day of Military Appreciation Month,First Day of Military Appreciation Month is a annual monthly observance in the USA,Observance,false,false,false,false
2019-05-01,First Day of Jewish American Heritage Month,First Day of Jewish American Heritage Month is a annual monthly observance in the USA,Observance,false,false,false,false
2019-05-01,First Day of Asian Pacific American Heritage Month,First Day of Asian Pacific American Heritage Month is a annual monthly observance in the USA,Observance,false,false,false,false
2019-05-02,World Tuna Day,World Tuna Day is a UN holiday designed to raise awareness of the global importance of tuna.,United Nations observance,false,false,false,false
2019-05-02,West Virginia Day of Prayer,West Virginia Day of Prayer is a state observance in the USA,Local observance,false,false,false,false
2019-05-02,National Day of Prayer,"National Day of Prayer is held on the first Thursday of May each year, inviting Americans of all faiths to pray for the country and its leaders.",Observance,false,false,false,false
2019-05-03,World Press Freedom Day,World Press Freedom Day focuses on the importance of the freedom of the press and freedom of expression.,United Nations observance,false,false,false,false
2019-05-03,Kentucky Oaks,The Kentucky Oaks is a rade 1 Stakes horse race held annually on the Friday before the Kentucky Derby in May.,Sporting event,false,false,false,false
2019-05-04,Rhode Island Independence Day,Rhode Island Independence Day is a day to celebrate the state's declaration of independence from Great Britain in 1776.,Local observance,false,false,false,false
2019-05-04,National Explosive Ordnance Disposal (EOD) Day,National Explosive Ordnance Disposal (EOD) Day is an occasion to remember those serving the profession of explosive ordnance disposal in the United States Armed Forces.,Observance,false,false,false,false
2019-05-04,Kentucky Derby,"Kentucky Derby is a Grade I Stakes horse race held annually in Louisville, Kentucky in May.",Sporting event,false,false,false,false
2019-05-04,Kent State Shootings Remembrance,"Kent State Shootings Remembrance Day is a local observance in Kent, Ohio.",Local observance,false,false,false,false
2019-05-05,International Family Equality Day,International Family Equality Day is a worldwide observance in the USA,Worldwide observance,false,false,false,true
2019-05-05,Cinco de Mayo,"'Cinco de Mayo' means ""Fifth of May"" in Spanish and is a festival of Mexican pride and heritage.",Observance,false,false,false,false
2019-05-06,Ramadan Starts,"Many Muslims in the United States fast in the hours of daylight during Ramadan, the ninth month in the Islamic calendar.",Muslim,true,false,false,false
2019-05-06,National Nurses Day,National Nurses Day is an occasion to honor the work of nurses.,Observance,false,false,false,false
2019-05-07,National Teacher Appreciation Day,National Teacher Appreciation Day is a observance in the USA,Observance,false,false,false,false
2019-05-08,World Red Cross and Red Crescent Day,World Red Cross and Red Crescent Day is a worldwide observance in the USA,Worldwide observance,false,false,false,true
2019-05-08,World Ovarian Cancer Day,World Ovarian Cancer Day aims to spread global awareness about ovarian cancer.,Worldwide observance,false,false,false,true
2019-05-08,Victory in Europe Day,Victory in Europe Day is a observance in the USA,Observance,false,false,false,false
2019-05-08,Truman Day,"Truman Day is a holiday in the state of Missouri to honor Harry S Truman, the only person born in Missouri to ever become President of the United States.",Local holiday,false,true,false,false
2019-05-08,Time of Remembrance and Reconciliation for Those Who Lost Their Lives during the Second World War,"The United Nations’ (UN) Time of Remembrance and Reconciliation for Those Who Lost Their Lives during the Second World War is annually held over two days, from May 8-9.",United Nations observance,false,false,false,false
2019-05-09,Yom Ha'atzmaut,"Many Jewish communities in the United States celebrate Yom Ha’Atzmaut, which is Israel’s Independence Day, on the fifth day of the month of Iyar in the Jewish calendar.",Hebrew,true,false,false,false
2019-05-10,Military Spouse Appreciation Day,Appreciate and thank all the military spouses and partners you know on Military Spouse Appreciation Day.,Observance,false,false,false,false
2019-05-11,World Migratory Bird Day,World Migratory Bird Day is observed the second weekend of May every year.,United Nations observance,false,false,false,false
2019-05-12,Mother's Day,Mother's Day celebrates the role of mothers and mother figures.,Local holiday,false,true,false,false
2019-05-12,International Nurses Day,International Nurses Day focuses on the critical contribution of nurses around the world in maintaining public health.,Worldwide observance,false,false,false,true
2019-05-13,,,,false,false,false,false
2019-05-14,,,,false,false,false,false
2019-05-15,Peace Officers Memorial Day,"Peace Officers Memorial Day is held annually in the United States on May 15 in honor of federal, state and local officers killed or disabled in the line of duty.",Observance,false,false,false,false
2019-05-15,International Day of Families,"The International Day of Families is an occasion to celebrate the importance of families to people, societies and cultures around the world.",United Nations observance,false,false,false,false
2019-05-16,International Day of Living Together in Peace,International Day of Living Together in Peace is a United Nations observance in the USA,United Nations observance,false,false,false,false
2019-05-16,International Day of Light,International Day of Light is a United Nations observance in the USA,United Nations observance,false,false,false,false
2019-05-17,World Telecommunication and Information Society Day,World Information Society Day is celebrated each year to raise awareness of how information and communication can be beneficial for societies and economies.,United Nations observance,false,false,false,false
2019-05-17,National Defense Transportation Day,National Defense Transportation Day occurs annually in the United States on the third Friday of May.,Observance,false,false,false,false
2019-05-18,Public Lands Day,Public Lands Day is a state observance in the USA,Local observance,false,false,false,false
2019-05-18,Preakness Stakes,The Preakness Stakes is the second event in the Triple Crown and is annually held two weeks after the Kentucky Derby.,Sporting event,false,false,false,false
2019-05-18,Armed Forces Day,Armed Forces Day is a national observance in the United States on the third Saturday of May each year.,Observance,false,false,false,false
2019-05-19,Day of Vesak,Vesak Day is a Buddhist holiday that celebrates the birth of its founder. It is usually observed on the day of the full moon in May.,United Nations observance,false,false,false,false
2019-05-20,World Bee Day,World Bee Day is a United Nations observance in the USA,United Nations observance,false,false,false,false
2019-05-20,World Autoimmune / Autoinflammatory Arthritis Day,World Autoimmune / Autoinflammatory Arthritis Day is a worldwide observance in the USA,Worldwide observance,false,false,false,true
2019-05-21,World Day for Cultural Diversity for Dialogue and Development,"The World Day for Cultural Diversity for Dialogue and Development, held on May 21, is an occasion for people to deepen their understanding of cultural diversity.",United Nations observance,false,false,false,false
2019-05-22,National Maritime Day,"National Maritime Day is annually observed in the United States on May 22. It is a time to observe its maritime heritage, to honor those who served as merchant mariners, and to recognize the benefits of the maritime industry.",Observance,false,false,false,false
2019-05-22,International Day for Biological Diversity,The International Day for Biological Diversity is an occasion to increase the global understanding and awareness of issues and challenges around biodiversity.,United Nations observance,false,false,false,false
2019-05-22,Harvey Milk Day,"Harvey Milk Day is an observance that is recognized in public schools in California, United States, on May 22 each year.",Local observance,false,false,false,false
2019-05-22,Emergency Medical Services for Children Day,"Emergency Medical Services for Children (EMSC) Day is observed on the Wednesday of Emergency Medical Services (EMS) Week, May 19–25, in the United States.",Observance,false,false,false,false
2019-05-23,Lag BaOmer,Many Jewish Americans observe Lag B’Omer on the 18th day of the month of Iyar in the Jewish calendar.,Hebrew,true,false,false,false
2019-05-23,International Day to End Obstetric Fistula,The International Day to End Obstetric Fistula raises awareness of fistula and calls for support to tackle the problem.,United Nations observance,false,false,false,false
2019-05-24,,,,false,false,false,false
2019-05-25,National Missing Children's Day,National Missing Children's Day is an observation dedicated to addressing the problem of child abduction.,Observance,false,false,false,false
2019-05-25,African Liberation Day,African Liberation Day celebrates African nations' hard-fought freedom from European colonial powers.,Worldwide observance,false,false,false,true
2019-05-26,,,,false,false,false,false
2019-05-27,Memorial Day,Memorial Day commemorates all Americans who have died in military service for the United States.,Local holiday,false,true,false,false
2019-05-28,,,,false,false,false,false
2019-05-29,International Day of United Nations Peacekeepers,The International Day of United Nations Peacekeepers is an occasion to pay tribute to people who served in United Nations (UN) peacekeeping operations.,United Nations observance,false,false,false,false
2019-05-30,Ascension Day,Ascension Day is the 40th day of Easter and commemorates the ascension of Jesus Christ into heaven.,Christian,true,false,false,false
2019-05-31,World No Tobacco Day,World No Tobacco Day draws attention to the health problems caused by tobacco use.,United Nations observance,false,false,false,false
2019-06-01,Lailat al-Qadr,Laylat al Qadr is most likely to be held on one of the last 10 days of month of Ramadan in the Islamic calendar.,Muslim,true,false,false,false
2019-06-01,Global Day of Parents,Global Day of Parents appreciates the role of a parent in nurturing and fostering growth for their children.,United Nations observance,false,false,false,false
2019-06-01,First Day of Pride Month,First Day of Pride Month is a annual monthly observance in the USA,Observance,false,false,false,false
2019-06-01,First Day of Caribbean-American Heritage Month,First Day of Caribbean-American Heritage Month is a annual monthly observance in the USA,Observance,false,false,false,false
2019-06-02,,,,false,false,false,false
2019-06-03,World Bicycle Day,World Bicycle Day is a United Nations observance in the USA,United Nations observance,false,false,false,false
2019-06-03,Jefferson Davis' Birthday,"Jefferson Davis' Birthday, also known as Jefferson Davis Day, is a state holiday in Alabama in the United States.",Local observance,false,false,false,false
2019-06-04,International Day of Innocent Children Victims of Aggression,The United Nations' (UN) International Day of Innocent Children Victims of Aggression is observed on June 4 each year.,United Nations observance,false,false,false,false
2019-06-04,Eid al-Fitr,"Eid al-Fitr is a holiday to mark the end of the Islamic month of Ramadan, during which Muslims fast during the hours of daylight.",Muslim,true,false,false,false
2019-06-05,World Environment Day,World Environment Day is held each year on June 5. It is one of the principal vehicles through which the United Nations (UN) stimulates worldwide awareness of the environment and enhances political attention and action.,United Nations observance,false,false,false,false
2019-06-05,"International Day for the Fight against Illegal, Unreported and Unregulated Fishing","International Day for the Fight against Illegal, Unreported and Unregulated Fishing is a United Nations observance in the USA",United Nations observance,false,false,false,false
2019-06-06,D-Day,"D-Day is a special anniversary in some countries, including the United States (U.S.), to remember Allied forces’ invasion of Normandy, France, in the Second World War.",Observance,false,false,false,false
2019-06-06,Day of the Russian Language,Day of the Russian Language is a United Nations observance in the USA,United Nations observance,false,false,false,false
2019-06-07,World Food Safety Day,World Food Safety Day is a United Nations observance in the USA,United Nations observance,false,false,false,false
2019-06-08,World Oceans Day,World Oceans Day is annually observed on June 8 to raise awareness of the challenges humanity faces to protect the world's oceans.,United Nations observance,false,false,false,false
2019-06-08,Belmont Stakes,The Belmont Stakes is the third and final horse race of the Triple Crown. It is run annually five weeks after the Kentucky Derby.,Sporting event,false,false,false,false
2019-06-09,Shavuot,"Shavuot, also known as the Festival of Weeks, is one of three major Jewish festivals.",Hebrew,true,false,false,false
2019-06-09,Pentecost,"Many Christians in the United States observe Pentecost, also known as Whitsunday or Whit Sunday.",Christian,true,false,false,false
2019-06-10,Whit Monday,"Many Christians in the United States will observe Whit Monday, or Pentecost Monday. It is the day after Pentecost, which is also known as Whit Sunday or Whitsunday.",Christian,true,false,false,false
2019-06-11,Kamehameha Day,"Kamehameha Day, held annually on June 11, honors Kamehameha the Great (Kamehameha I), the monarch who united and established the Kingdom of Hawaii.",Local holiday,false,true,false,false
2019-06-12,World Day Against Child Labour,Poverty and injustice against widows is a world-wide problem addressed by International Widows' Day.,United Nations observance,false,false,false,false
2019-06-12,Loving Day,Loving Day is a observance in the USA,Observance,false,false,false,false
2019-06-13,International Albinism Awareness Day,International Albinism Awareness Day aims to stop the persecution and murders of people with albinism.,United Nations observance,false,false,false,false
2019-06-14,World Blood Donor Day,On World Blood Donor Day numerous events are held worldwide to raise awareness about the importance of safe blood supplies.,United Nations observance,false,false,false,false
2019-06-14,Flag Day,Flag Day is annually held on June 14 to honor the United States flag.,Observance,false,false,false,false
2019-06-14,Army Birthday,Army Birthday is a observance in the USA,Observance,false,false,false,false
2019-06-15,World Elder Abuse Awareness Day,"World Elder Abuse Awareness Day attempts to shine a light on the problem of physical, emotional, and financial abuse of elders.",United Nations observance,false,false,false,false
2019-06-15,Juneteenth National Freedom Day,Juneteenth National Freedom Day is a state observance in the USA,Local observance,false,false,false,false
2019-06-15,Juneteenth Freedom Day,Juneteenth Freedom Day is a state observance in the USA,Local observance,false,false,false,false
2019-06-16,Trinity Sunday,Trinity Sunday is the first Sunday after Pentecost and is celebrated by many Christians in the United States.,Christian,true,false,false,false
2019-06-16,International Day of Family Remittances,The UN estimates that family remittances worth over 500 billion US$ are transferred worldwide every year.,United Nations observance,false,false,false,false
2019-06-16,Father's Day,Father's Day celebrates the contribution that fathers and father figures make to the lives of their children.,Local holiday,false,true,false,false
2019-06-17,World Day to Combat Desertification and Drought,The United Nations' World Day to Combat Desertification and Drought is observed worldwide on June 17 each year.,United Nations observance,false,false,false,false
2019-06-17,Bunker Hill Day,"Bunker Hill Day commemorates the Battle of Bunker Hill, which took place on June 17, 1775 on the Charlestown Peninsula, Boston Harbor, in Massachusetts.",Local holiday,false,true,false,false
2019-06-18,Sustainable Gastronomy Day,Sustainable Gastronomy Day is a United Nations observance in the USA,United Nations observance,false,false,false,false
2019-06-19,National Juneteenth Freedom Day,National Juneteenth Freedom Day is a state observance in the USA,Local observance,false,false,false,false
2019-06-19,Juneteenth Independence Day,Juneteenth Independence Day is a state observance in the USA,Local observance,false,false,false,false
2019-06-19,Juneteenth Day,Juneteenth Day is a state observance in the USA,Local observance,false,false,false,false
2019-06-19,Juneteenth Celebration of Freedom Day,Juneteenth Celebration of Freedom Day is a state observance in the USA,Local observance,false,false,false,false
2019-06-19,Juneteenth,Juneteenth is a state observance in the USA,Local observance,false,false,false,false
2019-06-19,International Day for the Elimination of Sexual Violence in Conflict,International Day for the Elimination of Sexual Violence in Conflict is a UN day aiming to rid the world of conflict-related sexual violence.,United Nations observance,false,false,false,false
2019-06-19,Emancipation Day,Emancipation Day is a state observance in the USA,Local observance,false,false,false,false
2019-06-20,World Refugee Day,"The United Nations' World Refugee Day honors refugees' courage, strength and determination.",United Nations observance,false,false,false,false
2019-06-20,West Virginia Day,"West Virginia Day, or WV Day, celebrates the anniversary of the creation of the state of West Virginia on June 20, 1863.",Local holiday,false,true,false,false
2019-06-20,American Eagle Day,"Observed annually on June 20 in 47 American states, American Eagle Day is an unofficial holiday that celebrates the removal of the American Bald Eagle from a list of ""endangered species"".",Observance,false,false,false,false
2019-06-21,June Solstice,June Solstice in the USA (New York),Season,false,false,false,false
2019-06-21,International Day of Yoga,The International Day of Yoga is a UN-day that aims to raise awareness worldwide of the many benefits of practicing yoga.,United Nations observance,false,false,false,false
2019-06-21,International Day of the Celebration of the Solstice,International Day of the Celebration of the Solstice is a United Nations observance in the USA,United Nations observance,false,false,false,false
2019-06-22,,,,false,false,false,false
2019-06-23,Public Service Day,The United Nations’ Public Service Day celebrates the idea that democracy and successful governance depend on a competent civil service.,United Nations observance,false,false,false,false
2019-06-23,International Widows' Day,Poverty and injustice against widows is a world-wide problem addressed by International Widows' Day.,United Nations observance,false,false,false,false
2019-06-23,Corpus Christi,Corpus Christi is observed in honor of the Holy Eucharist.,Christian,true,false,false,false
2019-06-24,,,,false,false,false,false
2019-06-25,Day of the Seafarer,"The Day of the Seafarer aims to acknowledge the social, and economic contribution of the millions of seafarers around the world.",United Nations observance,false,false,false,false
2019-06-26,International Day in Support of Victims of Torture,The United Nations’ (UN) International Day in Support of Victims of Torture is annually observed on June 26 to remind people that human torture is not only unacceptable – it is also a crime.,United Nations observance,false,false,false,false
2019-06-26,International Day Against Drug Abuse and Illicit Trafficking,The United Nations’ (UN) International Day Against Drug Abuse and Illicit Trafficking raise awareness about the dangers of illicit drugs.,United Nations observance,false,false,false,false
2019-06-27,"Micro-, Small and Medium-sized Enterprises Day","Micro-, Small and Medium-sized Enterprises Day is a United Nations observance in the USA",United Nations observance,false,false,false,false
2019-06-28,Carolina Day,Carolina Day is a state observance in the USA,Local observance,false,false,false,false
2019-06-29,International Day of the Tropics,International Day of the Tropics is a United Nations observance in the USA,United Nations observance,false,false,false,false
2019-06-30,International Day of Parliamentarism,International Day of Parliamentarism is a United Nations observance in the USA,United Nations observance,false,false,false,false
2019-06-30,International Asteroid Day,The United Nations established International Asteroid Day to raise public awareness of the asteroid impact hazard.,United Nations observance,false,false,false,false
2019-07-01,,,,false,false,false,false
2019-07-02,,,,false,false,false,false
2019-07-03,,,,false,false,false,false
2019-07-04,Independence Day,"On Independence Day, Americans celebrate the anniversary of publication of the Declaration of Independence from Great Britain in 1776.",Local holiday,false,true,false,false
2019-07-05,Independence Day Holiday,Maryland state employees get the day after Independence Day off.,Local holiday,false,true,false,false
2019-07-06,International Day of Cooperatives,"The United Nations' (UN) International Day of Cooperatives recognizes and reaffirms the role of cooperatives in economic, social and cultural development and in the achievement of social policy objectives.",United Nations observance,false,false,false,false
2019-07-07,,,,false,false,false,false
2019-07-08,,,,false,false,false,false
2019-07-09,,,,false,false,false,false
2019-07-10,,,,false,false,false,false
2019-07-11,World Population Day,The United Nations' (UN) World Population Day reaffirms the human right to plan for a family.,United Nations observance,false,false,false,false
2019-07-12,,,,false,false,false,false
2019-07-13,Nathan Bedford Forrest Day,Nathan Bedford Forrest Day is a local observance in the USA,Local observance,false,false,false,false
2019-07-14,Bastille Day,Bastille Day is a observance in the USA,Observance,false,false,false,false
2019-07-15,World Youth Skills Day,Acquiring skills enhances youths' ability to make informed choices and empowers them to gain access to changing labor markets.,United Nations observance,false,false,false,false
2019-07-16,Rural Transit Day,Rural Transit Day is a observance in the USA,Observance,false,false,false,false
2019-07-17,,,,false,false,false,false
2019-07-18,Nelson Mandela Day,Nelson Mandela International Day is annually observed on July 18 to recognize the former South African president’s contribution to peace and freedom.,United Nations observance,false,false,false,false
2019-07-19,,,,false,false,false,false
2019-07-20,,,,false,false,false,false
2019-07-21,,,,false,false,false,false
2019-07-22,,,,false,false,false,false
2019-07-23,,,,false,false,false,false
2019-07-24,Pioneer Day,Pioneer Day is an annual state holiday in Utah in the United States. It is celebrated to honor the pioneers who demonstrated industry and bravery when they ventured to settle in a place that is now Salt Lake City.,Local holiday,false,true,false,false
2019-07-25,,,,false,false,false,false
2019-07-26,,,,false,false,false,false
2019-07-27,National Korean War Veterans Armistice Day,National Korean War Veterans Armistice Day is a observance in the USA,Observance,false,false,false,false
2019-07-27,Korean War Veteran Recognition Day,Korean War Veteran Recognition Day is a state observance in the USA,Local observance,false,false,false,false
2019-07-28,World Hepatitis Day,World Hepatitis Day is observed on July 28 every year to raise awareness of hepatitis and encourage prevention and treatment.,United Nations observance,false,false,false,false
2019-07-28,Parents' Day,Parents’ Day is celebrated in the United States on the fourth Sunday of July each year to recognize and promote parenting as a crucial part of families and the wider community.,Observance,false,false,false,false
2019-07-29,,,,false,false,false,false
2019-07-30,World Day Against Trafficking in Persons,July 30 is the UN World Day Against Trafficking in Persons,United Nations observance,false,false,false,false
2019-07-30,International Day of Friendship,The International Day of Friendship is annually held on July 30 to celebrate friendships worldwide.,United Nations observance,false,false,false,false
2019-07-31,,,,false,false,false,false
2019-08-01,Colorado Day,"Colorado Day is an annual observance that commemorates the state’s birthday on August 1, 1876, and its history.",Local observance,false,false,false,false
2019-08-02,,,,false,false,false,false
2019-08-03,,,,false,false,false,false
2019-08-04,Coast Guard Birthday,Coast Guard Birthday is a observance in the USA,Observance,false,false,false,false
2019-08-04,Barack Obama Day,Barack Obama Day is a observance in the USA,Observance,false,false,false,false
2019-08-04,American Family Day,American Family Day is a state holiday in the USA,Local holiday,false,true,false,false
2019-08-05,,,,false,false,false,false
2019-08-06,,,,false,false,false,false
2019-08-07,Purple Heart Day,Purple Heart Day on August 7 commemorates the day in 1782 when General George Washington created the Purple Heart Medal – a military decoration that is awarded to those wounded or killed while serving in the United States Armed Forces.,Local observance,false,false,false,false
2019-08-08,,,,false,false,false,false
2019-08-09,International Day of the World's Indigenous People,The United Nations’ (UN) International Day of the World's Indigenous People is observed on August 9 each year to promote and protect the rights of the world’s indigenous peoples.,United Nations observance,false,false,false,false
2019-08-10,,,,false,false,false,false
2019-08-11,Tisha B'Av,Tisha B’Av is on the ninth day of the month of Av in the Jewish calendar.,Hebrew,true,false,false,false
2019-08-11,Eid al-Adha,"For more than 3 millions Muslims in the US, Eid al-Adha, the Festival of Sacrifice, is one of the most important dates in the calendar.",Muslim,true,false,false,false
2019-08-12,Victory Day,"Victory Day, also known as VJ Day, is an annual state holiday celebrated on the second Monday in August in Rhode Island in the United States. It marks the anniversary of the Allies’ victory over Japan during World War II.",Local holiday,false,true,false,false
2019-08-12,International Youth Day,The United Nations’ (UN) International Youth Day is annually held on August 12 to celebrate the achievements of the world’s youth and to encourage their participation in enhancing society.,United Nations observance,false,false,false,false
2019-08-13,,,,false,false,false,false
2019-08-14,Raksha Bandhan,Raksha Bandhan is a Hindu festival that is celebrated on the full moon of the Hindu month of Shravana (Shravan Poornima). The day is also sometimes referred to as Brother and Sister Day because it honors the relationship between brother and sister.,Hinduism,true,false,false,false
2019-08-15,Assumption of Mary,Assumption Day is a Christian observance in the United States that is held annually on August 15. Catholics observe the Dormition (falling asleep) or the day that the Blessed Virgin Mary was received into heaven.,Christian,true,false,false,false
2019-08-16,Hawaii Statehood Day,Hawaii’s Statehood Day is celebrated on the third Friday of August to commemorate the anniversary of Hawaii’s statehood.,Local holiday,false,true,false,false
2019-08-16,Bennington Battle Day,Bennington Battle Day is a state holiday in Vermont. It commemorates the American victory at the Battle of Bennington during the Revolutionary War in north America in 1777.,Local holiday,false,true,false,false
2019-08-17,,,,false,false,false,false
2019-08-18,National Senior Citizens Day,National Senior Citizens Day is an observance on the third Sunday of August to honor the contributions of senior citizens in the United States.,Observance,false,false,false,false
2019-08-18,National Navajo Code Talkers Day,National Navajo Code Talkers Day is a state holiday in the USA,Local holiday,false,true,false,false
2019-08-19,World Humanitarian Day,The United Nations’(UN) World Humanitarian Day focuses on increasing public awareness about humanitarian service worldwide and is annually observed on August 19.,United Nations observance,false,false,false,false
2019-08-19,National Aviation Day,National Aviation Day is observed in the United States on August 19 each year to celebrate the history and development of the aviation.,Observance,false,false,false,false
2019-08-20,,,,false,false,false,false
2019-08-21,International Day of Remembrance of and Tribute to the Victims of Terrorism,International Day of Remembrance of and Tribute to the Victims of Terrorism is a United Nations observance in the USA,United Nations observance,false,false,false,false
2019-08-22,International Day Commemorating the Victims of Acts of Violence Based on Religion or Belief,International Day Commemorating the Victims of Acts of Violence Based on Religion or Belief is a United Nations observance in the USA,United Nations observance,false,false,false,false
2019-08-23,Janmashtami,"Krishna Janmashtami is a Hindu festival that celebrates the birth of Krishna, the eighth incarnation of the god Vishnu. It is celebrated on the eighth day of the Hindu month of Bhadrava (Bhadrapada), which is usually in August or September.",Hinduism,true,false,false,false
2019-08-23,International Day for the Remembrance of the Slave Trade and its Abolition,The United Nations’ (UN) International Day for the Remembrance of the Slave Trade and its Abolition is held on August 23 each year to remind people of the tragedy of the transatlantic slave trade.,United Nations observance,false,false,false,false
2019-08-24,,,,false,false,false,false
2019-08-25,,,,false,false,false,false
2019-08-26,Women's Equality Day,Women's Equality Day on August 26 is an annual observance that commemorates the anniversary of the first time voting rights were extended to women in the United States.,Observance,false,false,false,false
2019-08-27,Lyndon Baines Johnson Day,"Lyndon Baines Johnson Day is a state holiday in Texas in the United States on August 27 each year. It commemorates the birthday of Lyndon Baines Johnson, who was the 36th president of the USA.",Local holiday,false,true,false,false
2019-08-28,,,,false,false,false,false
2019-08-29,International Day against Nuclear Tests,The United Nations’ (UN) International Day against Nuclear Tests is annually observed on August 29. The day raises awareness of the dangers of nuclear weapons and a closer approach to eliminating the use of those weapons.,United Nations observance,false,false,false,false
2019-08-30,International Day of the Victims of Enforced Disappearances,The International Day of the Victims of Enforced Disappearances is annually observed on August 30.,United Nations observance,false,false,false,false
2019-08-31,Muharram,"The first day of Muharram, which is the first month in the Islamic calendar, marks the start of the Islamic New Year.",Muslim,true,false,false,false
2019-08-31,International Overdose Awareness Day, International Overdose Awareness Day is an annual observation which aims to raise global awareness of about the impact of drug overdose on families and communities. The campaign also attempts to remove the stigma associated with overdose.,Worldwide observance,false,false,false,true
2019-09-01,,,,false,false,false,false
2019-09-02,Labor Day,Labor Day is a federal holiday in the United States. It gives workers a day of rest and it celebrates their contribution to the American economy.,National holiday,false,false,true,false
2019-09-02,Ganesh Chaturthi,"Ganesh Chaturthi is the great Ganesha festival that celebrates the birthday of Lord Ganesha during the Hindu Month of Bhadra, which usually falls between mid-August and mid-September. It is also known as Vinayaka Chaturthi and can last up to 10 days.",Hinduism,true,false,false,false
2019-09-03,,,,false,false,false,false
2019-09-04,World Sexual Health Day, World Sexual Health Day is an annual awareness day that attempts to break down social and cultural taboos associated with sexuality and to promote sexual health around the world.,Worldwide observance,false,false,false,true
2019-09-05,International Day of Charity,The International Day of Charity raises public awareness of what charities do to help minimize poverty.,United Nations observance,false,false,false,false
2019-09-06,,,,false,false,false,false
2019-09-07,Still's Disease Awareness Day,Still's Disease Awareness Day is a worldwide observance in the USA,Worldwide observance,false,false,false,true
2019-09-07,Carl Garner Federal Lands Cleanup Day,Carl Garner Federal Lands Cleanup Day encourages people in the United States to participate in cleaning up the federal lands. It is observed on the first Saturday after Labor Day.,Observance,false,false,false,false
2019-09-08,National Grandparents Day,National Grandparents Day is celebrated on the first Sunday of September after Labor Day in the United States.,Observance,false,false,false,false
2019-09-08,International Literacy Day,The United Nations' (UN) International Literacy Day is held on September 8 each year.,United Nations observance,false,false,false,false
2019-09-09,California Admission Day,"California Admission Day is an annual legal observance in California, in the United States.",Local holiday,false,true,false,false
2019-09-10,World Suicide Prevention Day,World Suicide Prevention Day promotes worldwide action to prevent suicides on September 10 each year.,Worldwide observance,false,false,false,true
2019-09-10,Ashura,Ashura is a Muslim in the USA,Muslim,true,false,false,false
2019-09-11,Patriot Day,"Patriot Day is held in memory of nearly 3000 people who died during terrorist attacks in New York, Washington DC and Shanksville, Pennsylvania, in the United States.",Observance,false,false,false,false
2019-09-11,First Responders Day,First Responders Day is a state observance in the USA,Local observance,false,false,false,false
2019-09-12,International Day for South-South Cooperation,The United Nations Day for South-South Cooperation is observed on September 12 each year.,United Nations observance,false,false,false,false
2019-09-13,International Programmers' Day,"Many people celebrate International Programmers’ Day on January 7, while others observe this event on the 256th day of the year, usually on September 13 or on September 12 in leap years.",Worldwide observance,false,false,false,true
2019-09-14,,,,false,false,false,false
2019-09-15,International Day of Democracy,The United Nations’ (UN) International Day of Democracy is observed on September 15 each year.,United Nations observance,false,false,false,false
2019-09-15,First Day of National Hispanic Heritage Month,First Day of National Hispanic Heritage Month is a annual monthly observance in the USA,Observance,false,false,false,false
2019-09-15,Constitution Commemoration Day,Constitution Day and Citizenship Day is a combined event that occurs in the United States on September 17 each year.,Local holiday,false,true,false,false
2019-09-16,International Day for the Preservation of the Ozone Layer,The United Nations' (UN) International Day for the Preservation of the Ozone Layer focuses on the importance of protecting human health and the environment.,United Nations observance,false,false,false,false
2019-09-17,World Patient Safety Day,World Patient Safety Day is a United Nations observance in the USA,United Nations observance,false,false,false,false
2019-09-17,Constitution Day and Citizenship Day,Constitution Day and Citizenship Day is a combined event that occurs in the United States on September 17 each year.,Observance,false,false,false,false
2019-09-18,Air Force Birthday,Air Force Birthday is a observance in the USA,Observance,false,false,false,false
2019-09-19,,,,false,false,false,false
2019-09-20,National POW/MIA Recognition Day,National POW/MIA Recognition Day is annually observed in the United States on the third Friday of September.,Observance,false,false,false,false
2019-09-21,National CleanUp Day,National CleanUp Day is a observance in the USA,Observance,false,false,false,false
2019-09-21,International Day of Peace,"The United Nations' (UN) International Day of Peace is annually held on September 21 to recognize the efforts of individuals, organizations and governments to end conflict and promote peace.",United Nations observance,false,false,false,false
2019-09-22,,,,false,false,false,false
2019-09-23,September Equinox,September Equinox in the USA (New York),Season,false,false,false,false
2019-09-23,International Day of Sign Languages,International Day of Sign Languages is a United Nations observance in the USA,United Nations observance,false,false,false,false
2019-09-23,International Celebrate Bisexuality Day,"International Celebrate Bisexuality Day, also known as Bi Visibility Day, promotes the rights of bisexual people around the world.",Worldwide observance,false,false,false,true
2019-09-23,American Indian Day,American Indian Day is a state observance in the USA,Local observance,false,false,false,false
2019-09-24,,,,false,false,false,false
2019-09-25,,,,false,false,false,false
2019-09-26,World Maritime Day,"World Maritime Day is held on the last week of September each year, although the exact date is up to individual governments around the world.",United Nations observance,false,false,false,false
2019-09-26,International Day for the Total Elimination of Nuclear Weapons,The International Day for the Total Elimination of Nuclear Weapons raises awareness about the dangers of nuclear weapons.,United Nations observance,false,false,false,false
2019-09-27,World Tourism Day,The United Nations’ (UN) World Tourism Day is annually held on September 27 to raise awareness on the benefits of tourism.,United Nations observance,false,false,false,false
2019-09-27,Native American Day,"Native Americans' Day, on the second Monday of October, is celebrated some parts of the United States in lieu of Columbus Day.",Local observance,false,false,false,false
2019-09-27,Michigan Indian Day,Michigan Indian Day is a state observance in the USA,Local observance,false,false,false,false
2019-09-28,World Rabies Day,World Rabies Day is annually observed on September 28 to raise awareness about rabies and how it can be prevented.,Worldwide observance,false,false,false,true
2019-09-28,National Public Lands Day,National Public Lands Day is a observance in the USA,Observance,false,false,false,false
2019-09-29,World Heart Day,World Heart Day raises awareness of cardiovascular diseases and ways to reduce their risk.,Worldwide observance,false,false,false,true
2019-09-29,Navratri,Navratri is a Hindu holiday in the USA,Hinduism,true,false,false,false
2019-09-29,Gold Star Mother's Day,Gold Star Mother’s Day is annually observed in the United States on the last Sunday of September.,Observance,false,false,false,false
2019-09-30,Rosh Hashana,Rosh Hashanah is the Jewish New Year. Many Jewish-run organizations in the US are closed during the two-day celebration.,Local holiday,false,true,false,false
2019-09-30,International Translation Day,International Translation Day is a United Nations observance in the USA,United Nations observance,false,false,false,false
2019-10-01,World Vegetarian Day,"World Vegetarian Day is an annual observation that spreads awareness about the health, environmental, and ethical benefits of following a vegetarian lifestyle. The unofficial holiday encourages people to avoid eating foods that include animal products and to adopt a plant-based diet.",Worldwide observance,false,false,false,true
2019-10-01,International Day of Older Persons,The United Nations' (UN) International Day of Older Persons is celebrated on October 1 each year as a special day for older persons worldwide.,United Nations observance,false,false,false,false
2019-10-02,International Day of Non-Violence,The United Nations’ (UN) International Day of Non-Violence is a globally observed on October 2 each year to promote non-violence.,United Nations observance,false,false,false,false
2019-10-03,,,,false,false,false,false
2019-10-04,Feast of St Francis of Assisi,"Many Catholics in the United States, particularly those with pets, celebrate the Feast of St Francis of Assisi, the patron saint of animals and the environment, on October 4 each year.",Christian,true,false,false,false
2019-10-05,World Teachers' Day,The United Nations' (UN) World Teachers' Day commemorates the work of teachers and their contributions to society. It is observed on October 5 each year.,United Nations observance,false,false,false,false
2019-10-06,World Cerebral Palsy Day,"World Cerebral Palsy Day is an annual awareness observation that brings together people with cerebral palsy, their families and loved ones, and organizations working to ensure equal rights for them.",Worldwide observance,false,false,false,true
2019-10-06,German American Day,German American Day is a observance in the USA,Observance,false,false,false,false
2019-10-07,World Habitat Day,The United Nations’ (UN) World Habitat Day reflects on the state of human settlements and people’s right to sufficient shelter.,United Nations observance,false,false,false,false
2019-10-07,Dussehra,Dussehra is a Hindu holiday in the USA,Hinduism,true,false,false,false
2019-10-07,Child Health Day,Child Health Day is annually celebrated in the United States on the first Monday of October.,Observance,false,false,false,false
2019-10-08,,,,false,false,false,false
2019-10-09,Yom Kippur,Yom Kippur is an important Jewish holiday that falls on the 10th day of the month of Tishrei in the Jewish calendar.,Local holiday,false,true,false,false
2019-10-09,World Post Day,World Post Day marks the anniversary of the Universal Postal Union's establishment in 1874. It is held on October 9 each year.,United Nations observance,false,false,false,false
2019-10-09,Leif Erikson Day,Leif Erikson Day honors the first Scandinavian known to have set foot on American soil and the contribution of the Nordic peoples to the United States.,Local observance,false,false,false,false
2019-10-09,International Day for Natural Disaster Reduction,The United Nations’ (UN) International Day for Natural Disaster Reduction is annually observed on the second Wednesday of October to promote a global culture of natural disaster risk reduction.,United Nations observance,false,false,false,false
2019-10-10,World Sight Day,World Sight Day is annually held on the second Thursday of October to raise awareness about blindness and vision impairment.,Worldwide observance,false,false,false,true
2019-10-10,World Mental Health Day,"World Mental Health Day, which is supported by the United Nations (UN), is annually held on October 10 to raise public awareness about mental health issues worldwide.",United Nations observance,false,false,false,false
2019-10-11,International Day of the Girl Child,The International Day of the Girl Child is a United Nations (UN) observance on October 11 each year.,United Nations observance,false,false,false,false
2019-10-11,Anniversary of Death of General Pulaski,"Casimir Pulaski Day is a day off for some schools and offices in Illinois, USA, on the first Monday of March each year.",Local observance,false,false,false,false
2019-10-12,,,,false,false,false,false
2019-10-13,Navy Birthday,"Navy Birthday celebrates the establishment of the United States Navy on October 13, 1775.",Observance,false,false,false,false
2019-10-13,Chicago Marathon,The Chicago Marathon is one of the six World Marathon Majors and is held annually in October.,Sporting event,false,false,false,false
2019-10-14,Indigenous People's Day,Indigenous People's Day is a state observance in the USA,Local observance,false,false,false,false
2019-10-14,Fraternal Day,Fraternal Day is a state holiday in the USA,Local holiday,false,true,false,false
2019-10-14,First Day of Sukkot,"The first day of Sukkot marks the start of the Sukkot festival for Jewish communities in many countries, including the United States.",Hebrew,true,false,false,false
2019-10-14,Columbus Day,Columbus Day celebrates 15th century explorer Christopher Columbus's arrival in America in 1492.,Local holiday,false,true,false,false
2019-10-15,White Cane Safety Day,White Cane Safety Day is a United States observance annually held on October 15 to celebrate blind and visually impaired people's achievements and the importance of the white cane.,Observance,false,false,false,false
2019-10-15,International Day of Rural Women,The United Nations’ (UN) International Day of Rural Women is annually celebrated on October 15 to recognize rural women’s role in supporting their communities.,United Nations observance,false,false,false,false
2019-10-16,World Food Day,World Food Day is celebrated on October 16 each year.,United Nations observance,false,false,false,false
2019-10-16,Boss's Day,"Boss’s Day is observed in many workplaces in the United States on October 16, or the nearest working day, each year.",Observance,false,false,false,false
2019-10-17,International Day for the Eradication of Poverty,The United Nations’ (UN) International Day for the Eradication of Poverty is annually observed on October 17 to promote awareness of the need to eradicate poverty worldwide.,United Nations observance,false,false,false,false
2019-10-18,Alaska Day,"Alaska Day is an official holiday in Alaska, the United States, on October 18 each year. It commemorates the formal transfer of Alaska from Russia to the United States on October 18, 1867.",Local holiday,false,true,false,false
2019-10-19,Sweetest Day,Sweetest Day is a observance in the USA,Observance,false,false,false,false
2019-10-20,Last Day of Sukkot,"Many Jewish communities in countries such as the United States observe the last day of Sukkot, which marks the end of the Sukkot festival.",Hebrew,true,false,false,false
2019-10-21,Shmini Atzeret,"Shemini Atzeret (or Shmini Atzeret) is a Jewish holiday dedicated to the love of God, while Simchat Torah (Simchas Torah or Simhat Torah) marks the end of Sukkot and celebrates the completion of the annual reading of the Torah.",Hebrew,true,false,false,false
2019-10-22,Simchat Torah,Simchat Torah (Simchas Torah or Simhat Torah) is a Jewish holiday that marks the end of Sukkot and celebrates the completion of the annual reading of the Torah.,Hebrew,true,false,false,false
2019-10-23,,,,false,false,false,false
2019-10-24,World Development Information Day,The United Nations' (UN) World Development Information Day falls on October 24 each year.,United Nations observance,false,false,false,false
2019-10-24,United Nations Day,United Nations Day marks the anniversary of the United Nations Charter coming into force in 1945 and celebrates the work of this organization. United Nations Day annually falls on October 24.,United Nations observance,false,false,false,false
2019-10-25,Nevada Day,"Nevada Day is an annual state holiday celebrated in Nevada, the United States, on the last Friday of October. It commemorates the statehood of Nevada, which took place on October 31, 1864.",Local holiday,false,true,false,false
2019-10-26,,,,false,false,false,false
2019-10-27,World Day for Audiovisual Heritage,The World Day for Audiovisual Heritage is observed on October 27 every year.,United Nations observance,false,false,false,false
2019-10-27,Diwali/Deepavali,"Diwali, also known as the Festival of Lights, is one of the most popular Hindu festivals.",Hinduism,true,false,false,false
2019-10-28,,,,false,false,false,false
2019-10-29,World Stroke Day,World Stroke Day is annually held on October 29 to raise awareness about stroke and ways to combat it.,Worldwide observance,false,false,false,true
2019-10-30,,,,false,false,false,false
2019-10-31,World Cities Day,World Cities Day is a UN observance that aims to recognize the role of cities as  a foundation for social and economic development.,United Nations observance,false,false,false,false
2019-10-31,Halloween,"Halloween is celebrated by hosting costume parties, playing 'trick-or-treat', watching horror films, visiting haunted houses or carving lanterns out of pumpkins.",Observance,false,false,false,false
2019-11-01,World Vegan Day,World Vegan Day is an annual observation that brings together vegans around the world to bring attention to animal rights and to spread the word about the health advantages of following a vegan diet.,Worldwide observance,false,false,false,true
2019-11-01,First Day of Native American Heritage Month,First Day of Native American Heritage Month is a annual monthly observance in the USA,Observance,false,false,false,false
2019-11-01,All Saints' Day,"Many Catholics honor all the saints on All Saints' Day, also known as All Hallows' Day, in the United States.",Christian,true,false,false,false
2019-11-02,International Day to End Impunity for Crimes against Journalists,The International Day to End Impunity for Crimes against Journalists raises awareness about violence against journalists.,United Nations observance,false,false,false,false
2019-11-02,All Souls' Day,"Prayers for the dead are made on All Souls’ Day in the United States, which falls on November 2 each year. The Day of the Dead is also celebrated on this day.",Christian,true,false,false,false
2019-11-03,New York City Marathon,The New York City Marathon is one of the world's largest marathons and takes place every year in November.,Sporting event,false,false,false,false
2019-11-03,Daylight Saving Time ends,Daylight Saving Time ends in the USA,Clock change/Daylight Saving Time,false,false,false,false
2019-11-04,,,,false,false,false,false
2019-11-05,World Tsunami Awareness Day,World Tsunami Awareness Day is a United Nations observance in the USA,United Nations observance,false,false,false,false
2019-11-05,Election Day,Election Day in the United States of America is the day on which popular ballots are held to select public officials.,Observance,false,false,false,false
2019-11-06,International Day for Preventing the Exploitation of the Environment in War and Armed Conflict,The United Nations’ (UN) International Day for Preventing the Exploitation of the Environment in War and Armed Conflict is held on November 6 each year.,United Nations observance,false,false,false,false
2019-11-07,,,,false,false,false,false
2019-11-08,,,,false,false,false,false
2019-11-09,The Prophet's Birthday,Eid Milad ul-Nabi (Mawlid or Milad-un-Nabi) commemorates the Prophet Muhammed's birthday.,Muslim,true,false,false,false
2019-11-10,World Science Day for Peace and Development,The World Science Day for Peace and Development (WSDPD) is celebrated on November 10 each year.,United Nations observance,false,false,false,false
2019-11-10,Marine Corps Birthday,"Marine Corps Birthday celebrates the establishment of the United States Marine Corps on November 10, 1775.",Observance,false,false,false,false
2019-11-11,Veterans Day,Veterans Day in the USA is a holiday to honor all who have served in the United States Military Services.,National holiday,false,false,true,false
2019-11-11,Singles’ Day,"",Worldwide observance,false,false,false,true
2019-11-12,World Pneumonia Day,"World Pneumonia Day supports all efforts made to protect and treat people against pneumonia, the single largest cause of child deaths worldwide.",Worldwide observance,false,false,false,true
2019-11-13,,,,false,false,false,false
2019-11-14,World Diabetes Day,World Diabetes Day is held annually to raise awareness of diabetes and its complications and the care that people with this condition need. It is observed on November 14 each year.,United Nations observance,false,false,false,false
2019-11-15,,,,false,false,false,false
2019-11-16,International Day for Tolerance,The United Nations’ (UN) International Day for Tolerance is observed on November 16 each year to help people understand the importance of tolerance worldwide.,United Nations observance,false,false,false,false
2019-11-17,World Prematurity Day, World Prematurity Day is an annual observance that is dedicated to raising awareness about the health and emotional issues surrounding preterm birth.,Worldwide observance,false,false,false,true
2019-11-17,World Day of Remembrance for Road Traffic Victims,The World Day of Remembrance for Road Traffic Victims serves as a major advocacy day for road traffic injury prevention.,United Nations observance,false,false,false,false
2019-11-18,,,,false,false,false,false
2019-11-19,World Toilet Day,World Toilet Day aims to promote public awareness of the need for adequate toilets to improve people’s health and save lives.,United Nations observance,false,false,false,false
2019-11-19,International Men's Day,International Men’s Day celebrates men's achievements worldwide and throughout history.,Worldwide observance,false,false,false,true
2019-11-20,Universal Children's Day,The United Nations' (UN) Universal Children's Day is an occasion to promote the welfare of children and an understanding between children all over the world. It is held on November 20 each year,United Nations observance,false,false,false,false
2019-11-20,Transgender Day of Remembrance,Transgender Day of Remembrance is a worldwide observance in the USA,Worldwide observance,false,false,false,true
2019-11-20,Africa Industrialization Day,Africa Industrialization Day aims to stimulate the international community's commitment to the industrialization of Africa.,United Nations observance,false,false,false,false
2019-11-21,World Television Day,The United Nations’ (UN) World Television Day is globally celebrated on November 21 each year.,United Nations observance,false,false,false,false
2019-11-21,World Philosophy Day,World Philosophy Day is celebrated on the third Thursday of November each year.,United Nations observance,false,false,false,false
2019-11-22,,,,false,false,false,false
2019-11-23,,,,false,false,false,false
2019-11-24,,,,false,false,false,false
2019-11-25,International Day for the Elimination of Violence against Women,The United Nations' (UN) International Day for the Elimination of Violence against Women raises public awareness of violence against women in all countries around the world and at all levels of society. It is observed each year on November 25.,United Nations observance,false,false,false,false
2019-11-26,,,,false,false,false,false
2019-11-27,,,,false,false,false,false
2019-11-28,Thanksgiving Day,Thanksgiving Day in the United States is traditionally a holiday to give thanks for the food collected at the end of the harvest season.,National holiday,false,false,true,false
2019-11-29,Presidents' Day (Observed),Presidents' Day (Observed) is a state holiday in the USA,Local holiday,false,true,false,false
2019-11-29,Nellie Tayloe Ross's Birthday,Nellie Tayloe Ross's Birthday is a state observance in the USA,Local observance,false,false,false,false
2019-11-29,Native American Heritage Day,Native American Heritage Day is a state holiday in the USA,Local holiday,false,true,false,false
2019-11-29,Lincoln's Birthday/Lincoln's Day,"Lincoln’s Birthday is observed in the United States in honor of Abraham Lincoln, who was the nation’s 16th president and was known as the Great Emancipator.",Local holiday,false,true,false,false
2019-11-29,International Day of Solidarity with the Palestinian People,The United Nations’ (UN) International Day of Solidarity with the Palestinian People is annually observed on November 29.,United Nations observance,false,false,false,false
2019-11-29,Family Day,"The Day After Thanksgiving, also known as Black Friday, is a state holiday more than 20 states.",Local holiday,false,true,false,false
2019-11-29,Day After Thanksgiving,"The Day After Thanksgiving, also known as Black Friday, is a state holiday more than 20 states.",Local holiday,false,true,false,false
2019-11-29,Black Friday,Black Friday is the day after Thanksgiving Day in the USA. It is a busy shopping day and is a holiday in some states.,Observance,false,false,false,false
2019-11-29,American Indian Heritage Day,American Indian Heritage Day is often observed on the Friday after Thanksgiving Day in the United States.,Local holiday,false,true,false,false
2019-11-29,Acadian Day,"The Day After Thanksgiving, also known as Black Friday, is a state holiday more than 20 states.",Local holiday,false,true,false,false
2019-11-30,Day of Remembrance for all Victims of Chemical Warfare,The UN’s Day of Remembrance for all Victims of Chemical Warfare is annually observed on April 29.,United Nations observance,false,false,false,false
2019-12-01,World AIDS Day,The United Nations' (UN) World AIDS Day is annually observed on December 1.,United Nations observance,false,false,false,false
2019-12-01,Rosa Parks Day,The life of American civil rights leader Rosa Parks is celebrated in the United States on either February 4 or December 1.,Local observance,false,false,false,false
2019-12-01,First Sunday of Advent,"Many Christians in the United States observe the first Sunday of Advent, which marks the start of the Christian year.",Christian,true,false,false,false
2019-12-02,International Day for the Abolition of Slavery,The United Nations’ (UN) International Day for the Abolition of Slavery is annually observed on December 2.,United Nations observance,false,false,false,false
2019-12-02,Cyber Monday,Most online retailers in the US offer discounted prices on their products and services on Cyber Monday.,Observance,false,false,false,false
2019-12-03,International Day of Persons with Disabilities,The United Nations' (UN) International Day of Persons with Disabilities is annually observed on December 3 to re-affirm and draw attention to the rights of people who live with disabilities.,United Nations observance,false,false,false,false
2019-12-03,Giving Tuesday,"",Worldwide observance,false,false,false,true
2019-12-04,,,,false,false,false,false
2019-12-05,World Soil Day,World Soil Day raises awareness of why soil is needed for sustainable living.,United Nations observance,false,false,false,false
2019-12-05,International Volunteer Day for Economic and Social Development,"The United Nations’ (UN) International Volunteer Day for Economic and Social Development, also known as International Volunteer Day (IVD), is observed on December 5 each year.",United Nations observance,false,false,false,false
2019-12-06,St Nicholas Day,Some churches in the United States recognize St Nicholas' Day as a feast day.,Observance,false,false,false,false
2019-12-07,Pearl Harbor Remembrance Day,"National Pearl Harbor Remembrance Day remembers those who died or were injured when Pearl Harbor, in Hawaii, was attacked in 1941.",Local observance,false,false,false,false
2019-12-07,International Civil Aviation Day,International Civil Aviation Day is observed globally on December 7 each year. It is observed by organizations such as the International Civil Aviation Organization (ICAO).,United Nations observance,false,false,false,false
2019-12-07,Delaware Day,Delaware Day is a state observance in the USA,Local observance,false,false,false,false
2019-12-08,,,,false,false,false,false
2019-12-09,World Genocide Commemoration Day,World Genocide Commemoration Day is a UN holiday dedicated to the victims of genocide.,United Nations observance,false,false,false,false
2019-12-09,International Anti-Corruption Day,The United Nations’ (UN) International Anti-Corruption Day is annually observed on December 9 to raise public awareness of corruption and ways to fight it.,United Nations observance,false,false,false,false
2019-12-09,Green Monday,The last Monday at least ten days before Christmas has been dubbed “Green Monday” by online marketers.,Worldwide observance,false,false,false,true
2019-12-09,Feast of the Immaculate Conception,The Feast of the Immaculate Conception is a Christian observance on December 8 each year.,Christian,true,false,false,false
2019-12-10,Wyoming Day,Wyoming Day is a state observance in the USA,Local observance,false,false,false,false
2019-12-10,Human Rights Day,Human Rights Day marks the anniversary of when the Universal Declaration of Human Rights was proclaimed.,United Nations observance,false,false,false,false
2019-12-11,International Mountain Day,"The United Nations' (UN) International Mountain Day is an occasion to help raise awareness of the people who live in mountainous regions and the role that these regions play in providing food, water, and recreation. It is observed on December 11 each year.",United Nations observance,false,false,false,false
2019-12-12,International Universal Health Coverage Day,International Universal Health Coverage Day is a United Nations observance in the USA,United Nations observance,false,false,false,false
2019-12-12,International Day of Neutrality,International Day of Neutrality is a United Nations observance in the USA,United Nations observance,false,false,false,false
2019-12-12,Feast of Our Lady of Guadalupe,"The Feast of Our Lady Guadalupe, in honor of Jesus’ mother Mary, is a Catholic observance in the United States.",Christian,true,false,false,false
2019-12-13,National Guard Birthday,National Guard Birthday is a observance in the USA,Observance,false,false,false,false
2019-12-13,Friday the 13th,Friday the 13th is a day full of superstitious beliefs in communities worldwide.,Worldwide observance,false,false,false,true
2019-12-14,,,,false,false,false,false
2019-12-15,Bill of Rights Day,Bill of Rights Day is a observance in the USA,Observance,false,false,false,false
2019-12-16,,,,false,false,false,false
2019-12-17,Wright Brothers Day,The Wright Brothers Day is annually celebrated in the United States on December 17 to commemorate the historic flight made by Orville and Wilbur Wright on that date in 1903.,Observance,false,false,false,false
2019-12-17,Pan American Aviation Day,"December 17 marks Pan American Aviation Day, which is annually observed in the United States.",Observance,false,false,false,false
2019-12-18,International Migrants Day,The United Nations (UN) International Migrants Day is celebrated on December 18 each year.,United Nations observance,false,false,false,false
2019-12-18,Arabic Language Day,World Arabic Language Day is a United Nations (UN) observance that celebrates one of the organization’s 6 official languages – Arabic.,United Nations observance,false,false,false,false
2019-12-19,,,,false,false,false,false
2019-12-20,International Human Solidarity Day,The United Nations' (UN) International Human Solidarity Day is celebrated on December 20 each year to raise public awareness on the importance of solidarity in fighting poverty.,United Nations observance,false,false,false,false
2019-12-21,Super Saturday,"The final Saturday before Christmas has become a very popular shopping day in the US, earning the nickname Super Saturday.",Worldwide observance,false,false,false,true
2019-12-21,December Solstice,December Solstice in the USA (New York),Season,false,false,false,false
2019-12-22,,,,false,false,false,false
2019-12-23,Chanukah/Hanukkah (first day),"The first day of Hanukkah is the start of the Hanukkah period, which lasts for eight days, from the 25th day of the month of Kislev to the second day of Tevet in the Hebrew calendar.",Hebrew,true,false,false,false
2019-12-24,Washington's Birthday,Washington's Birthday is a state holiday in the USA,Local holiday,false,true,false,false
2019-12-24,Christmas Eve,Christmas Eve in the United States is on December 24 each year.,National holiday,false,false,true,false
2019-12-25,Christmas Day,Christmas Day celebrates Jesus Christ's birth.,"National holiday, Christian",true,false,true,false
2019-12-26,Kwanzaa (first day),"Kwanzaa is a week-long holiday honoring the culture and traditions of African people and their descendants worldwide, especially in the United States.",Observance,false,false,false,false
2019-12-26,Day After Christmas Day,Some states in the United States observe the Day after Christmas Day as a public holiday.,Local holiday,false,true,false,false
2019-12-27,,,,false,false,false,false
2019-12-28,,,,false,false,false,false
2019-12-29,,,,false,false,false,false
2019-12-30,Last Day of Chanukah,"The last day of Hanukkah marks the end of a festive Jewish occasion, known as Hanukkah or Chanukah.",Hebrew,true,false,false,false
2019-12-31,New Year's Eve,New Year's Eve is the last day of the year in the Gregorian calendar. Many parties to welcome the New Year are held in in the United States on New Year's Eve.,Observance,false,false,false,false
